params,mean_test_score,std_test_score,max_test_score,min_test_score,rank_test_score
"{'activation': 'relu', 'alpha': 1e-05, 'hidden_layer_sizes': (10, 10), 'solver': 'adam'}",0.3294475180686766,0.011757219678131856,0.33647613435474366,0.30624263839811544,270
"{'activation': 'relu', 'alpha': 1e-06, 'hidden_layer_sizes': (100, 50), 'solver': 'sgd'}",0.332154921766604,0.0008052047980061202,0.33294048320565706,0.33117265763111375,269
"{'activation': 'relu', 'alpha': 0.001, 'hidden_layer_sizes': 10, 'solver': 'sgd'}",0.3325082786570634,0.001718063053445338,0.33568904593639576,0.33117265763111375,268
"{'activation': 'relu', 'alpha': 0.001, 'hidden_layer_sizes': (100, 100), 'solver': 'sgd'}",0.3327438499173696,0.0016937901553804354,0.33568904593639576,0.3305833824395993,267
"{'activation': 'relu', 'alpha': 1e-06, 'hidden_layer_sizes': (50, 50, 20), 'solver': 'sgd'}",0.332744335774418,0.0014432535694714106,0.3352975839717148,0.33117265763111375,265
"{'activation': 'relu', 'alpha': 0.001, 'hidden_layer_sizes': 50, 'solver': 'sgd'}",0.332744335774418,0.0014432535694714106,0.3352975839717148,0.33117265763111375,265
"{'activation': 'relu', 'alpha': 1e-06, 'hidden_layer_sizes': (50, 50), 'solver': 'sgd'}",0.33286184377197203,0.0015834506037470245,0.33568904593639576,0.33117265763111375,264
"{'activation': 'relu', 'alpha': 1e-05, 'hidden_layer_sizes': (50, 20, 10), 'solver': 'sgd'}",0.33286219081272084,0.0016554052175174199,0.33588685916322925,0.33117265763111375,262
"{'activation': 'relu', 'alpha': 1e-06, 'hidden_layer_sizes': 100, 'solver': 'sgd'}",0.33286219081272084,0.0013296915922301755,0.3352975839717148,0.33156654888103654,262
"{'activation': 'relu', 'alpha': 0.001, 'hidden_layer_sizes': (50, 20, 20), 'solver': 'sgd'}",0.33297969881027495,0.0014712976789410116,0.33568904593639576,0.33156654888103654,258
"{'activation': 'relu', 'alpha': 0.0001, 'hidden_layer_sizes': (10, 10), 'solver': 'sgd'}",0.33297969881027495,0.0014712976789410116,0.33568904593639576,0.33156654888103654,258
"{'activation': 'relu', 'alpha': 0.001, 'hidden_layer_sizes': 20, 'solver': 'sgd'}",0.33297969881027495,0.002061113380690985,0.33568904593639576,0.33117265763111375,258
"{'activation': 'relu', 'alpha': 0.001, 'hidden_layer_sizes': (10, 10), 'solver': 'sgd'}",0.33297969881027495,0.0014712976789410116,0.33568904593639576,0.33156654888103654,258
"{'activation': 'relu', 'alpha': 1e-06, 'hidden_layer_sizes': 20, 'solver': 'sgd'}",0.33297990703472424,0.0013228948011194932,0.3352975839717148,0.33117265763111375,257
"{'activation': 'relu', 'alpha': 1e-06, 'hidden_layer_sizes': (20, 10), 'solver': 'sgd'}",0.33298004585102375,0.0015484462143493386,0.33588685916322925,0.33156654888103654,255
"{'activation': 'relu', 'alpha': 1e-06, 'hidden_layer_sizes': (20, 20), 'solver': 'sgd'}",0.33298004585102375,0.0015484462143493386,0.33588685916322925,0.33156654888103654,255
"{'activation': 'relu', 'alpha': 1e-05, 'hidden_layer_sizes': (50, 50), 'solver': 'sgd'}",0.33298018466732326,0.0013907321308672593,0.3352975839717148,0.33156654888103654,254
"{'activation': 'relu', 'alpha': 1e-05, 'hidden_layer_sizes': (10, 10), 'solver': 'sgd'}",0.33309741503227824,0.0014556862949770756,0.33568904593639576,0.33117265763111375,253
"{'activation': 'relu', 'alpha': 0.001, 'hidden_layer_sizes': (50, 20), 'solver': 'sgd'}",0.3330975538485778,0.00139040871186662,0.33568904593639576,0.33156654888103654,252
"{'activation': 'relu', 'alpha': 1e-05, 'hidden_layer_sizes': (50, 20, 20), 'solver': 'sgd'}",0.3330977620730271,0.0015335937217555399,0.33588685916322925,0.33117265763111375,251
"{'activation': 'relu', 'alpha': 0.0001, 'hidden_layer_sizes': 10, 'solver': 'sgd'}",0.3330979008893266,0.0012131087754360273,0.3352975839717148,0.33156654888103654,250
"{'activation': 'relu', 'alpha': 0.001, 'hidden_layer_sizes': (100, 20), 'solver': 'sgd'}",0.33309790088932667,0.00177155584372746,0.33647613435474366,0.33156654888103654,249
"{'activation': 'relu', 'alpha': 0.0001, 'hidden_layer_sizes': (50, 20, 20), 'solver': 'sgd'}",0.33321527007058116,0.0019504790752858108,0.33568904593639576,0.33117265763111375,248
"{'activation': 'relu', 'alpha': 0.001, 'hidden_layer_sizes': (50, 50, 20), 'solver': 'sgd'}",0.3333332639251836,0.0018629031337338297,0.33568904593639576,0.33117265763111375,246
"{'activation': 'relu', 'alpha': 0.001, 'hidden_layer_sizes': (100, 50, 20), 'solver': 'sgd'}",0.3333332639251836,0.0018629031337338297,0.33568904593639576,0.33117265763111375,246
"{'activation': 'relu', 'alpha': 0.001, 'hidden_layer_sizes': (100, 50), 'solver': 'sgd'}",0.3333335415577826,0.0014107220628930932,0.33588685916322925,0.33156654888103654,245
"{'activation': 'relu', 'alpha': 1e-05, 'hidden_layer_sizes': (100, 50, 20), 'solver': 'sgd'}",0.33333361096593245,0.0019243522290231685,0.33588685916322925,0.33117265763111375,244
"{'activation': 'relu', 'alpha': 0.0001, 'hidden_layer_sizes': 20, 'solver': 'sgd'}",0.33345098014718694,0.001974098659646675,0.33588685916322925,0.33117265763111375,243
"{'activation': 'relu', 'alpha': 1e-06, 'hidden_layer_sizes': (50, 20, 20), 'solver': 'sgd'}",0.33345111896348645,0.001997242437596143,0.33588685916322925,0.33117265763111375,242
"{'activation': 'relu', 'alpha': 1e-06, 'hidden_layer_sizes': (100, 50, 20), 'solver': 'sgd'}",0.33356883518548985,0.0016911560487728478,0.33568904593639576,0.33117265763111375,241
"{'activation': 'relu', 'alpha': 1e-05, 'hidden_layer_sizes': (20, 20), 'solver': 'sgd'}",0.33356897400178936,0.0018728268204913213,0.33588685916322925,0.33156654888103654,240
"{'activation': 'relu', 'alpha': 0.0001, 'hidden_layer_sizes': (50, 20), 'solver': 'sgd'}",0.33356918222623866,0.0017585700700623074,0.33588685916322925,0.33117265763111375,238
"{'activation': 'relu', 'alpha': 0.001, 'hidden_layer_sizes': (100, 50, 50), 'solver': 'sgd'}",0.33356918222623866,0.0017585700700623074,0.33588685916322925,0.33117265763111375,238
"{'activation': 'relu', 'alpha': 0.0001, 'hidden_layer_sizes': (50, 50), 'solver': 'sgd'}",0.3335693210425382,0.0017048904686276017,0.33588685916322925,0.33156654888103654,236
"{'activation': 'relu', 'alpha': 0.0001, 'hidden_layer_sizes': (100, 50, 20), 'solver': 'sgd'}",0.3335693210425382,0.0019339183315796361,0.33588685916322925,0.33156654888103654,236
"{'activation': 'relu', 'alpha': 0.001, 'hidden_layer_sizes': (50, 20, 10), 'solver': 'sgd'}",0.33356945985883774,0.0019575288234009725,0.33588685916322925,0.33156654888103654,235
"{'activation': 'relu', 'alpha': 0.0001, 'hidden_layer_sizes': (50, 20, 10), 'solver': 'sgd'}",0.33368669022379266,0.0018229238959286665,0.33588685916322925,0.33117265763111375,234
"{'activation': 'relu', 'alpha': 0.001, 'hidden_layer_sizes': 100, 'solver': 'sgd'}",0.3336866902237927,0.0018229238959286665,0.33588685916322925,0.33117265763111375,233
"{'activation': 'relu', 'alpha': 0.0001, 'hidden_layer_sizes': (20, 20), 'solver': 'sgd'}",0.3336868290400922,0.00156288554357844,0.33568904593639576,0.33156654888103654,232
"{'activation': 'relu', 'alpha': 0.001, 'hidden_layer_sizes': (50, 50), 'solver': 'sgd'}",0.33368717608084103,0.0016355700030855048,0.33588685916322925,0.33156654888103654,230
"{'activation': 'relu', 'alpha': 0.0001, 'hidden_layer_sizes': 50, 'solver': 'sgd'}",0.33368717608084103,0.0016355700030855048,0.33588685916322925,0.33156654888103654,230
"{'activation': 'relu', 'alpha': 1e-06, 'hidden_layer_sizes': (100, 20), 'solver': 'sgd'}",0.33380503111914395,0.0017635866416286533,0.33588685916322925,0.33156654888103654,229
"{'activation': 'relu', 'alpha': 1e-06, 'hidden_layer_sizes': 50, 'solver': 'sgd'}",0.3339224003003985,0.0012905938007419073,0.33568904593639576,0.3327444051825677,228
"{'activation': 'relu', 'alpha': 0.0001, 'hidden_layer_sizes': (100, 20), 'solver': 'sgd'}",0.3339224697085482,0.001837726026183005,0.33627797408716137,0.33156654888103654,227
"{'activation': 'relu', 'alpha': 1e-05, 'hidden_layer_sizes': 10, 'solver': 'sgd'}",0.33392253911669806,0.0020967778193143154,0.33588685916322925,0.33117265763111375,226
"{'activation': 'relu', 'alpha': 1e-05, 'hidden_layer_sizes': (50, 20), 'solver': 'adam'}",0.3340396306653534,0.008773897313874799,0.3486454652532391,0.3250883392226148,225
"{'activation': 'relu', 'alpha': 1e-05, 'hidden_layer_sizes': 100, 'solver': 'sgd'}",0.33404025533870135,0.001430152525865666,0.33588685916322925,0.3327444051825677,222
"{'activation': 'relu', 'alpha': 1e-05, 'hidden_layer_sizes': 20, 'solver': 'sgd'}",0.33404025533870135,0.001430152525865666,0.33588685916322925,0.3327444051825677,222
"{'activation': 'relu', 'alpha': 1e-05, 'hidden_layer_sizes': (50, 50, 20), 'solver': 'sgd'}",0.33404025533870135,0.0014301525258656658,0.33588685916322925,0.3327444051825677,222
"{'activation': 'relu', 'alpha': 1e-06, 'hidden_layer_sizes': (10, 10), 'solver': 'sgd'}",0.33404039415500086,0.002216990413246776,0.33647613435474366,0.33117265763111375,221
"{'activation': 'relu', 'alpha': 0.0001, 'hidden_layer_sizes': (100, 50, 50), 'solver': 'sgd'}",0.33404088001204923,0.002031709230535646,0.33588685916322925,0.33156654888103654,220
"{'activation': 'relu', 'alpha': 0.001, 'hidden_layer_sizes': (100, 50), 'solver': 'adam'}",0.3340412270527981,0.0052342808916740115,0.33942251031231585,0.3244994110718492,219
"{'activation': 'relu', 'alpha': 1e-05, 'hidden_layer_sizes': (20, 10), 'solver': 'adam'}",0.334156999846608,0.0072053343612886326,0.34334511189634864,0.3211549793753683,218
"{'activation': 'relu', 'alpha': 1e-05, 'hidden_layer_sizes': (20, 10), 'solver': 'sgd'}",0.33415776333625546,0.0018100536384993108,0.33568904593639576,0.33117265763111375,217
"{'activation': 'relu', 'alpha': 0.0001, 'hidden_layer_sizes': (50, 50, 20), 'solver': 'sgd'}",0.3341585962340526,0.001691160825931902,0.33588685916322925,0.33156654888103654,216
"{'activation': 'relu', 'alpha': 0.0001, 'hidden_layer_sizes': (100, 50), 'solver': 'sgd'}",0.33427554896640854,0.0019215915707888988,0.33627797408716137,0.33117265763111375,215
"{'activation': 'relu', 'alpha': 0.001, 'hidden_layer_sizes': (20, 10), 'solver': 'sgd'}",0.3342756183745583,0.0018975037875480205,0.33588685916322925,0.33117265763111375,214
"{'activation': 'relu', 'alpha': 0.001, 'hidden_layer_sizes': (50, 20), 'solver': 'adam'}",0.3342759654153072,0.006330806131144836,0.3447259870359458,0.3270477312905127,213
"{'activation': 'relu', 'alpha': 1e-06, 'hidden_layer_sizes': (100, 100), 'solver': 'sgd'}",0.3343934734128612,0.0017101698013444679,0.33588685916322925,0.33176193282262817,212
"{'activation': 'relu', 'alpha': 1e-05, 'hidden_layer_sizes': (100, 20), 'solver': 'sgd'}",0.33439395926990956,0.001640952761199736,0.33588685916322925,0.33156654888103654,211
"{'activation': 'relu', 'alpha': 0.001, 'hidden_layer_sizes': (20, 20), 'solver': 'sgd'}",0.3345116754919129,0.0013774522117811774,0.33588685916322925,0.3327444051825677,206
"{'activation': 'relu', 'alpha': 1e-05, 'hidden_layer_sizes': 50, 'solver': 'sgd'}",0.3345116754919129,0.0013774522117811774,0.33588685916322925,0.3327444051825677,206
"{'activation': 'relu', 'alpha': 1e-05, 'hidden_layer_sizes': (100, 50), 'solver': 'sgd'}",0.3345116754919129,0.0013774522117811774,0.33588685916322925,0.3327444051825677,206
"{'activation': 'relu', 'alpha': 0.0001, 'hidden_layer_sizes': (100, 100), 'solver': 'sgd'}",0.3345116754919129,0.0013774522117811774,0.33588685916322925,0.3327444051825677,206
"{'activation': 'relu', 'alpha': 1e-06, 'hidden_layer_sizes': (50, 20), 'solver': 'sgd'}",0.3345116754919129,0.0013774522117811774,0.33588685916322925,0.3327444051825677,206
"{'activation': 'relu', 'alpha': 0.0001, 'hidden_layer_sizes': 100, 'solver': 'sgd'}",0.3346295305302158,0.0014622518196034503,0.33588685916322925,0.3327444051825677,205
"{'activation': 'relu', 'alpha': 1e-05, 'hidden_layer_sizes': 20, 'solver': 'adam'}",0.3346296693465153,0.006643771602398466,0.34275618374558303,0.3244994110718492,204
"{'activation': 'relu', 'alpha': 1e-06, 'hidden_layer_sizes': 10, 'solver': 'sgd'}",0.3347470385277699,0.0017974006830453698,0.33588685916322925,0.33117265763111375,203
"{'activation': 'relu', 'alpha': 1e-05, 'hidden_layer_sizes': (100, 100), 'solver': 'sgd'}",0.3347475243848182,0.0016067534237283964,0.33588685916322925,0.33156654888103654,202
"{'activation': 'relu', 'alpha': 1e-05, 'hidden_layer_sizes': (50, 20), 'solver': 'sgd'}",0.3348653794231211,0.0016633912324650402,0.33588685916322925,0.33156654888103654,201
"{'activation': 'relu', 'alpha': 0.0001, 'hidden_layer_sizes': (20, 10), 'solver': 'sgd'}",0.3351006036426785,0.0010968726418442507,0.33588685916322925,0.33294048320565706,200
"{'activation': 'relu', 'alpha': 1e-06, 'hidden_layer_sizes': (50, 20, 10), 'solver': 'sgd'}",0.33521845868098143,0.0011424180850664357,0.33588685916322925,0.33294048320565706,199
"{'activation': 'relu', 'alpha': 0.001, 'hidden_layer_sizes': (100, 50, 50), 'solver': 'adam'}",0.33557091326549376,0.010464444890529561,0.35335689045936397,0.3270477312905127,198
"{'activation': 'relu', 'alpha': 0.0001, 'hidden_layer_sizes': (10, 10), 'solver': 'adam'}",0.3355734119588854,0.013524372425585017,0.3594578668238067,0.3217442545668827,197
"{'activation': 'relu', 'alpha': 1e-06, 'hidden_layer_sizes': (50, 20), 'solver': 'adam'}",0.33568967060974364,0.008197737351658857,0.3486454652532391,0.3244994110718492,196
"{'C': 1000, 'degree': 2, 'kernel': 'poly'}",0.3359252418700499,0.005913780322727972,0.34334511189634864,0.328815556865056,18
"{'activation': 'relu', 'alpha': 0.001, 'hidden_layer_sizes': (10, 10), 'solver': 'adam'}",0.3359264912167457,0.0035729785089932144,0.34001178550383027,0.3309776207302709,195
"{'activation': 'relu', 'alpha': 0.001, 'hidden_layer_sizes': 10, 'solver': 'adam'}",0.33663348263026344,0.006239128501495469,0.34767236299351795,0.33117265763111375,194
"{'activation': 'tanh', 'alpha': 1e-05, 'hidden_layer_sizes': 10, 'solver': 'adam'}",0.33674842252627624,0.009120166609420416,0.35335689045936397,0.3270477312905127,193
"{'C': 100, 'degree': 2, 'kernel': 'poly'}",0.33674960246482216,0.005973016587979156,0.3462897526501767,0.328815556865056,17
"{'activation': 'relu', 'alpha': 0.0001, 'hidden_layer_sizes': (50, 20, 10), 'solver': 'adam'}",0.33675085181151804,0.0025294948120743966,0.34001178550383027,0.3327444051825677,192
"{'activation': 'relu', 'alpha': 0.0001, 'hidden_layer_sizes': 10, 'solver': 'adam'}",0.33745617742944145,0.013244169321707943,0.3559222156747201,0.3164407778432528,191
"{'C': 10, 'degree': 2, 'kernel': 'poly'}",0.3374563856538907,0.007097594803928309,0.3492343934040047,0.328815556865056,16
"{'activation': 'relu', 'alpha': 1e-06, 'hidden_layer_sizes': (20, 10), 'solver': 'adam'}",0.3376926509956946,0.004196368171834375,0.3451118963486455,0.3327444051825677,190
"{'activation': 'relu', 'alpha': 1e-06, 'hidden_layer_sizes': 20, 'solver': 'adam'}",0.33781078366659656,0.01087742129209757,0.35276796230859836,0.32273262661955243,189
"{'activation': 'relu', 'alpha': 1e-06, 'hidden_layer_sizes': (50, 20, 10), 'solver': 'adam'}",0.3382831061257551,0.006638333831764498,0.3512080141426046,0.3321554770318021,188
"{'activation': 'relu', 'alpha': 1e-05, 'hidden_layer_sizes': (20, 20), 'solver': 'adam'}",0.33863188207832984,0.01292400207187871,0.3568904593639576,0.3258691809074838,187
"{'C': 100, 'kernel': 'sigmoid'}",0.33875140291222716,0.008035557335276567,0.35335689045936397,0.3305833824395993,14
"{'C': 1000, 'kernel': 'sigmoid'}",0.33875140291222716,0.008035557335276567,0.35335689045936397,0.3305833824395993,14
"{'activation': 'relu', 'alpha': 1e-06, 'hidden_layer_sizes': (20, 20), 'solver': 'adam'}",0.33875299929967173,0.007930482330846469,0.3486454652532391,0.33176193282262817,186
"{'activation': 'relu', 'alpha': 0.0001, 'hidden_layer_sizes': (20, 20), 'solver': 'adam'}",0.3388743941536127,0.011644582022491813,0.3512080141426046,0.32391048292108365,185
"{'C': 10, 'kernel': 'sigmoid'}",0.3391048986189861,0.008067027959362356,0.3539458186101296,0.33117265763111375,13
"{'activation': 'relu', 'alpha': 0.001, 'hidden_layer_sizes': (20, 10), 'solver': 'adam'}",0.3392277510440721,0.013378344794432607,0.3588685916322923,0.32037691401649,184
"{'activation': 'relu', 'alpha': 1e-06, 'hidden_layer_sizes': 10, 'solver': 'adam'}",0.339814805174794,0.014677165252990884,0.36770771950500886,0.328815556865056,183
"{'activation': 'relu', 'alpha': 1e-05, 'hidden_layer_sizes': (50, 20, 20), 'solver': 'adam'}",0.33993231317234807,0.011697241279173173,0.3545347467608952,0.3197879858657244,182
"{'activation': 'relu', 'alpha': 0.0001, 'hidden_layer_sizes': (50, 20, 20), 'solver': 'adam'}",0.34004891886395516,0.012020964406701085,0.36101295641931685,0.32391048292108365,181
"{'activation': 'relu', 'alpha': 1e-06, 'hidden_layer_sizes': (10, 10), 'solver': 'adam'}",0.34016719035115667,0.005699658949629707,0.3494401885680613,0.33411903358868594,180
"{'activation': 'relu', 'alpha': 0.0001, 'hidden_layer_sizes': 50, 'solver': 'adam'}",0.3401687173304515,0.0052743502196473556,0.3464938126104891,0.3333333333333333,179
"{'activation': 'relu', 'alpha': 1e-05, 'hidden_layer_sizes': (100, 50, 20), 'solver': 'adam'}",0.340874320580974,0.013836885812329875,0.36042402826855124,0.3209658421672556,178
"{'activation': 'relu', 'alpha': 1e-06, 'hidden_layer_sizes': 50, 'solver': 'adam'}",0.3411103776983286,0.009295509652445251,0.3582793164407778,0.3305833824395993,177
"{'activation': 'relu', 'alpha': 1e-05, 'hidden_layer_sizes': 10, 'solver': 'adam'}",0.34134428316304044,0.00905639741886445,0.35924617196702,0.33451118963486454,176
"{'activation': 'relu', 'alpha': 0.001, 'hidden_layer_sizes': (50, 50, 20), 'solver': 'adam'}",0.3413474759379297,0.013912587558003146,0.3553329404832057,0.31566548881036516,175
"{'activation': 'tanh', 'alpha': 0.001, 'hidden_layer_sizes': (20, 10), 'solver': 'sgd'}",0.341583324830835,0.01244085436679693,0.3594578668238067,0.3294048320565704,174
"{'activation': 'relu', 'alpha': 0.001, 'hidden_layer_sizes': (50, 20, 20), 'solver': 'adam'}",0.34228747051021235,0.00441267643732694,0.3504122497055359,0.3370654095462581,173
"{'activation': 'relu', 'alpha': 0.001, 'hidden_layer_sizes': 20, 'solver': 'adam'}",0.342405394956665,0.005845287046094527,0.35217903415783275,0.3352975839717148,172
"{'C': 10, 'degree': 3, 'kernel': 'poly'}",0.34275986237752065,0.008190149489499282,0.3565114908662345,0.33411903358868594,12
"{'activation': 'tanh', 'alpha': 0.001, 'hidden_layer_sizes': (10, 10), 'solver': 'adam'}",0.34299550304597665,0.0048727537558213045,0.3500294637595757,0.33647613435474366,171
"{'activation': 'relu', 'alpha': 0.001, 'hidden_layer_sizes': (100, 100), 'solver': 'adam'}",0.34311023471754,0.011621496777839227,0.3586572438162544,0.3241013553329405,170
"{'C': 100, 'degree': 3, 'kernel': 'poly'}",0.3431132886761298,0.009104738541538341,0.3576900412492634,0.33294048320565706,11
"{'activation': 'relu', 'alpha': 0.0001, 'hidden_layer_sizes': (100, 20), 'solver': 'adam'}",0.3433481658549384,0.004651703513478711,0.35159010600706714,0.33883323512080143,169
"{'activation': 'relu', 'alpha': 0.0001, 'hidden_layer_sizes': (100, 50), 'solver': 'adam'}",0.343348859936436,0.005906244628072303,0.3504122497055359,0.33451118963486454,168
"{'activation': 'tanh', 'alpha': 0.001, 'hidden_layer_sizes': 20, 'solver': 'adam'}",0.3434668537910384,0.011439732570303902,0.3582793164407778,0.3286219081272085,167
"{'activation': 'relu', 'alpha': 1e-06, 'hidden_layer_sizes': (100, 50, 20), 'solver': 'adam'}",0.34370304972469257,0.007000721310459242,0.3523865645256335,0.3327444051825677,166
"{'C': 10, 'degree': 4, 'kernel': 'poly'}",0.34382014127334803,0.004864854156086075,0.3494401885680613,0.33647613435474366,10
"{'activation': 'relu', 'alpha': 0.0001, 'hidden_layer_sizes': (20, 10), 'solver': 'adam'}",0.3439379269035011,0.008496925639007854,0.3523865645256335,0.3323512080141426,165
"{'C': 1000, 'solver': 'lbfgs'}",0.3441719017763628,0.008144149672949205,0.35335689045936397,0.33411903358868594,10
"{'C': 10, 'solver': 'lbfgs'}",0.3441719017763628,0.008144149672949205,0.35335689045936397,0.33411903358868594,10
"{'C': 100, 'solver': 'lbfgs'}",0.3441719017763628,0.008144149672949205,0.35335689045936397,0.33411903358868594,10
"{'activation': 'relu', 'alpha': 0.0001, 'hidden_layer_sizes': (50, 50, 20), 'solver': 'adam'}",0.3442897568146657,0.012750614018599697,0.36160188457008247,0.33117265763111375,164
"{'activation': 'relu', 'alpha': 1e-05, 'hidden_layer_sizes': (100, 50), 'solver': 'adam'}",0.34429204728360796,0.012758704361708893,0.3618149675898645,0.328815556865056,163
"{'activation': 'relu', 'alpha': 1e-05, 'hidden_layer_sizes': (50, 50), 'solver': 'adam'}",0.3445258139320203,0.006548290407296351,0.35217903415783275,0.3323512080141426,162
"{'activation': 'relu', 'alpha': 0.001, 'hidden_layer_sizes': 50, 'solver': 'adam'}",0.34452602215646955,0.010061290978999387,0.3547436652916912,0.3252799057159694,161
"{'C': 100, 'solver': 'sag'}",0.3446431831132748,0.008224388860228768,0.35335689045936397,0.33411903358868594,7
"{'C': 1000, 'solver': 'sag'}",0.3446431831132748,0.008224388860228768,0.35335689045936397,0.33411903358868594,7
"{'C': 10, 'solver': 'sag'}",0.3446431831132748,0.008224388860228768,0.35335689045936397,0.33411903358868594,7
"{'activation': 'relu', 'alpha': 1e-05, 'hidden_layer_sizes': (100, 100), 'solver': 'adam'}",0.34487819910838285,0.009554498105678579,0.3574793875147232,0.3323512080141426,160
"{'C': 1000, 'solver': 'saga'}",0.3448786849654313,0.008464097992788355,0.3545347467608952,0.33411903358868594,4
"{'C': 100, 'solver': 'saga'}",0.3448786849654313,0.008464097992788355,0.3545347467608952,0.33411903358868594,4
"{'C': 10, 'solver': 'saga'}",0.3448786849654313,0.008464097992788355,0.3545347467608952,0.33411903358868594,4
"{'activation': 'relu', 'alpha': 1e-06, 'hidden_layer_sizes': (100, 50), 'solver': 'adam'}",0.34487910141432987,0.007552667449621918,0.35924617196702,0.33824395992928696,159
"{'activation': 'relu', 'alpha': 1e-05, 'hidden_layer_sizes': (50, 50, 20), 'solver': 'adam'}",0.34511654669467984,0.011706443568053797,0.3582793164407778,0.3264584560989982,158
"{'activation': 'relu', 'alpha': 1e-05, 'hidden_layer_sizes': (100, 20), 'solver': 'adam'}",0.345464906198356,0.01623279569832326,0.36866902237926974,0.33117265763111375,157
"{'activation': 'relu', 'alpha': 0.0001, 'hidden_layer_sizes': (100, 50, 50), 'solver': 'adam'}",0.3454694177280908,0.0071290441416162345,0.3529758397171479,0.3323512080141426,156
"{'activation': 'relu', 'alpha': 1e-05, 'hidden_layer_sizes': (100, 50, 50), 'solver': 'adam'}",0.3455860928278477,0.007763025578764141,0.3586572438162544,0.3370654095462581,155
"{'activation': 'relu', 'alpha': 0.001, 'hidden_layer_sizes': (50, 20, 10), 'solver': 'adam'}",0.34558970205163553,0.012218404687085219,0.3635827931644078,0.33568904593639576,154
"{'activation': 'relu', 'alpha': 1e-06, 'hidden_layer_sizes': (100, 50, 50), 'solver': 'adam'}",0.34570346200910224,0.01639657811153723,0.37691401648998824,0.3292108362779741,153
"{'activation': 'tanh', 'alpha': 0.0001, 'hidden_layer_sizes': 10, 'solver': 'sgd'}",0.34582263580225064,0.00561381362614629,0.35276796230859836,0.33765468473777255,152
"{'C': 100, 'degree': 4, 'kernel': 'poly'}",0.34629384773101285,0.004096692272850203,0.35276796230859836,0.34060106069534474,9
"{'activation': 'relu', 'alpha': 1e-06, 'hidden_layer_sizes': (50, 50, 20), 'solver': 'adam'}",0.34641080046336886,0.005975025651333195,0.35276796230859836,0.33588685916322925,151
"{'activation': 'relu', 'alpha': 0.001, 'hidden_layer_sizes': (50, 50), 'solver': 'adam'}",0.34652830846092286,0.012719474221633784,0.3624042427813789,0.3305833824395993,150
"{'activation': 'relu', 'alpha': 1e-05, 'hidden_layer_sizes': 50, 'solver': 'adam'}",0.3465299742565172,0.01315110540367569,0.36454652532391046,0.3286219081272085,149
"{'C': 1000, 'degree': 3, 'kernel': 'poly'}",0.3466478292948202,0.00783932726961388,0.3582793164407778,0.33824395992928696,8
"{'activation': 'relu', 'alpha': 0.0001, 'hidden_layer_sizes': 20, 'solver': 'adam'}",0.34782499151485363,0.012998125035333876,0.3657243816254417,0.33117265763111375,148
"{'activation': 'tanh', 'alpha': 0.001, 'hidden_layer_sizes': (20, 20), 'solver': 'adam'}",0.34794485938949976,0.006924236417265034,0.36122569239835,0.3409893992932862,147
"{'activation': 'relu', 'alpha': 0.0001, 'hidden_layer_sizes': (50, 50), 'solver': 'adam'}",0.3479449287976496,0.010824379843763506,0.36947554507955216,0.34119033588685915,146
"{'activation': 'tanh', 'alpha': 0.001, 'hidden_layer_sizes': 100, 'solver': 'adam'}",0.348061118040358,0.016733463175301402,0.37477902180318207,0.3294048320565704,145
"{'activation': 'relu', 'alpha': 1e-06, 'hidden_layer_sizes': (100, 100), 'solver': 'adam'}",0.3481797365683084,0.007543992395714342,0.3582793164407778,0.33588685916322925,144
"{'activation': 'relu', 'alpha': 0.0001, 'hidden_layer_sizes': (100, 50, 20), 'solver': 'adam'}",0.34829648107621497,0.014571394056869132,0.36652916912197997,0.3223335297583972,143
"{'C': 10, 'degree': 5, 'kernel': 'poly'}",0.34829696693326334,0.0052594036930414655,0.3523865645256335,0.33824395992928696,7
"{'activation': 'relu', 'alpha': 0.0001, 'hidden_layer_sizes': (100, 100), 'solver': 'adam'}",0.3482991879940559,0.010468665915681722,0.3635827931644078,0.33510011778563015,142
"{'activation': 'tanh', 'alpha': 1e-05, 'hidden_layer_sizes': (20, 10), 'solver': 'sgd'}",0.34841246209447424,0.011832068945526868,0.36925795053003535,0.33352975839717147,141
"{'activation': 'tanh', 'alpha': 0.0001, 'hidden_layer_sizes': (20, 10), 'solver': 'sgd'}",0.3484152384204649,0.007096681175006645,0.3565114908662345,0.33588685916322925,140
"{'activation': 'relu', 'alpha': 1e-06, 'hidden_layer_sizes': (50, 50), 'solver': 'adam'}",0.3484161407264118,0.005363130901160047,0.3588685916322923,0.34452296819787986,139
"{'activation': 'tanh', 'alpha': 0.0001, 'hidden_layer_sizes': (20, 10), 'solver': 'adam'}",0.348533024050618,0.008931504369977023,0.3624042427813789,0.33588685916322925,138
"{'activation': 'relu', 'alpha': 1e-06, 'hidden_layer_sizes': (100, 20), 'solver': 'adam'}",0.34864817217108,0.013488961620533245,0.36984687868080096,0.32999410724808487,137
"{'activation': 'tanh', 'alpha': 1e-05, 'hidden_layer_sizes': (10, 10), 'solver': 'sgd'}",0.34888596449217874,0.010351472109515775,0.3653506187389511,0.33470830878020036,136
"{'activation': 'tanh', 'alpha': 0.001, 'hidden_layer_sizes': 10, 'solver': 'adam'}",0.34900375012233187,0.009379815142175382,0.3582793164407778,0.33117265763111375,135
"{'C': 100, 'degree': 5, 'kernel': 'poly'}",0.34900402775493095,0.0049841231441963086,0.3535651149086623,0.33942251031231585,6
"{'activation': 'relu', 'alpha': 1e-05, 'hidden_layer_sizes': (50, 20, 10), 'solver': 'adam'}",0.3491198699568906,0.012858707990567509,0.3651354534746761,0.3305833824395993,134
"{'activation': 'tanh', 'alpha': 0.001, 'hidden_layer_sizes': (50, 50), 'solver': 'adam'}",0.34935759286983953,0.006642395945704618,0.3559222156747201,0.3370654095462581,133
"{'C': 1000, 'degree': 5, 'kernel': 'poly'}",0.3498279024926549,0.0054762907465101,0.3580683156654888,0.3417796110783736,5
"{'C': 1000, 'degree': 4, 'kernel': 'poly'}",0.3499464516124554,0.005273030200659794,0.3568904593639576,0.3417796110783736,4
"{'activation': 'tanh', 'alpha': 1e-06, 'hidden_layer_sizes': (50, 50), 'solver': 'adam'}",0.34994742332655215,0.019931393984885505,0.38538597525044194,0.3246906305244549,132
"{'activation': 'tanh', 'alpha': 0.0001, 'hidden_layer_sizes': (10, 10), 'solver': 'sgd'}",0.3499481868161996,0.01282319230321839,0.37418974661166765,0.33883323512080143,131
"{'activation': 'tanh', 'alpha': 1e-06, 'hidden_layer_sizes': (20, 10), 'solver': 'sgd'}",0.3500659030382029,0.005890282887642546,0.3606364172068356,0.3451118963486455,130
"{'activation': 'relu', 'alpha': 0.001, 'hidden_layer_sizes': (100, 20), 'solver': 'adam'}",0.3501813981994138,0.012550744660582295,0.36652916912197997,0.33294048320565706,129
"{'activation': 'tanh', 'alpha': 1e-05, 'hidden_layer_sizes': 20, 'solver': 'sgd'}",0.3508913047552218,0.01098502737222216,0.36652916912197997,0.33568904593639576,128
"{'activation': 'relu', 'alpha': 0.0001, 'hidden_layer_sizes': (50, 20), 'solver': 'adam'}",0.35112618193403033,0.006745368114599199,0.3641720683559222,0.3457008244994111,127
"{'activation': 'tanh', 'alpha': 0.0001, 'hidden_layer_sizes': (20, 20), 'solver': 'sgd'}",0.35112652897477914,0.005643089287256989,0.3600471420153212,0.34275618374558303,126
"{'activation': 'tanh', 'alpha': 1e-06, 'hidden_layer_sizes': (20, 10), 'solver': 'adam'}",0.3513606426639403,0.007752490673035929,0.36454652532391046,0.3404004711425206,125
"{'activation': 'tanh', 'alpha': 1e-06, 'hidden_layer_sizes': (10, 10), 'solver': 'sgd'}",0.35147822006964413,0.009992704400269966,0.36770771950500886,0.33942251031231585,124
"{'activation': 'relu', 'alpha': 1e-06, 'hidden_layer_sizes': (50, 20, 20), 'solver': 'adam'}",0.3515908694967146,0.0210538493246596,0.3839811542991755,0.3276370064820271,123
"{'activation': 'tanh', 'alpha': 1e-06, 'hidden_layer_sizes': 10, 'solver': 'sgd'}",0.35171261139140436,0.01043357186282547,0.3606364172068356,0.33411903358868594,122
"{'activation': 'tanh', 'alpha': 0.0001, 'hidden_layer_sizes': 20, 'solver': 'adam'}",0.35194846028430965,0.011085808625902404,0.37161366313309774,0.34119033588685915,121
"{'activation': 'tanh', 'alpha': 0.001, 'hidden_layer_sizes': (50, 50, 20), 'solver': 'adam'}",0.3523063981126536,0.013555960161630354,0.37713612256923984,0.33981154299175503,120
"{'activation': 'tanh', 'alpha': 0.001, 'hidden_layer_sizes': (50, 20), 'solver': 'adam'}",0.35242071333531844,0.009913811963624675,0.3669022379269729,0.34334511189634864,119
"{'activation': 'tanh', 'alpha': 0.0001, 'hidden_layer_sizes': (10, 10), 'solver': 'adam'}",0.35242161564126534,0.010895403655057947,0.37242192103712435,0.34001178550383027,118
"{'activation': 'tanh', 'alpha': 1e-06, 'hidden_layer_sizes': (50, 20, 20), 'solver': 'adam'}",0.35253794370027336,0.010484850245925983,0.37220259128386335,0.34334511189634864,117
"{'activation': 'tanh', 'alpha': 1e-06, 'hidden_layer_sizes': (10, 10), 'solver': 'adam'}",0.352657950391219,0.006772642725374507,0.3606364172068356,0.3451118963486455,116
"{'activation': 'relu', 'alpha': 0.001, 'hidden_layer_sizes': (20, 20), 'solver': 'adam'}",0.35277157153238614,0.01392983317413547,0.37220259128386335,0.33411903358868594,115
"{'activation': 'tanh', 'alpha': 1e-05, 'hidden_layer_sizes': (10, 10), 'solver': 'adam'}",0.35277420904207724,0.009174759962358314,0.36593989393046555,0.34295816146140246,114
"{'activation': 'tanh', 'alpha': 1e-06, 'hidden_layer_sizes': 50, 'solver': 'adam'}",0.35289136999888254,0.014579022817844579,0.375736160188457,0.33824395992928696,113
"{'activation': 'relu', 'alpha': 0.001, 'hidden_layer_sizes': (100, 50, 20), 'solver': 'adam'}",0.3528951180389699,0.016889942657227364,0.37713612256923984,0.3339222614840989,112
"{'activation': 'tanh', 'alpha': 0.001, 'hidden_layer_sizes': (10, 10), 'solver': 'sgd'}",0.35324444925674287,0.010326260709042625,0.36395759717314485,0.3352975839717148,111
"{'activation': 'relu', 'alpha': 1e-05, 'hidden_layer_sizes': 100, 'solver': 'adam'}",0.3532456986034386,0.006748891631422948,0.3651354534746761,0.3451118963486455,110
"{'activation': 'tanh', 'alpha': 1e-06, 'hidden_layer_sizes': 20, 'solver': 'adam'}",0.3534820333533923,0.013290847412184396,0.36829699469652327,0.33352975839717147,109
"{'activation': 'tanh', 'alpha': 0.0001, 'hidden_layer_sizes': (50, 20, 10), 'solver': 'sgd'}",0.3536017624117389,0.012190537308337036,0.36947554507955216,0.3415783274440518,108
"{'activation': 'tanh', 'alpha': 1e-06, 'hidden_layer_sizes': 10, 'solver': 'adam'}",0.3538335856319577,0.011575516955194267,0.36454652532391046,0.33176193282262817,107
"{'activation': 'tanh', 'alpha': 1e-05, 'hidden_layer_sizes': 10, 'solver': 'sgd'}",0.3539526900169564,0.007889863792909686,0.3635827931644078,0.34001178550383027,106
"{'activation': 'tanh', 'alpha': 0.001, 'hidden_layer_sizes': 10, 'solver': 'sgd'}",0.35442313845607126,0.006759046338337121,0.36101295641931685,0.34590453741897464,105
"{'learning_rate': 0.001, 'n_estimators': 50}",0.3553670892928905,0.004677226329976913,0.36101295641931685,0.3492343934040047,14
"{'learning_rate': 0.001, 'n_estimators': 20}",0.3553670892928905,0.004677226329976913,0.36101295641931685,0.3492343934040047,14
"{'learning_rate': 0.001, 'n_estimators': 100}",0.3553670892928905,0.004677226329976913,0.36101295641931685,0.3492343934040047,14
"{'activation': 'relu', 'alpha': 0.001, 'hidden_layer_sizes': 100, 'solver': 'adam'}",0.35560057830870384,0.017280465759229917,0.37750294464075385,0.3252799057159694,104
"{'activation': 'tanh', 'alpha': 1e-06, 'hidden_layer_sizes': (20, 20), 'solver': 'adam'}",0.3557211402648476,0.007326422163004992,0.36476134354743667,0.34590453741897464,103
"{'activation': 'tanh', 'alpha': 1e-06, 'hidden_layer_sizes': (50, 20, 10), 'solver': 'sgd'}",0.355838856486851,0.012008439425428872,0.37536829699469654,0.34334511189634864,102
"{'activation': 'tanh', 'alpha': 0.0001, 'hidden_layer_sizes': 50, 'solver': 'adam'}",0.356075677093853,0.010570769010529214,0.3688862698880377,0.336866902237927,101
"{'activation': 'tanh', 'alpha': 0.001, 'hidden_layer_sizes': (20, 10), 'solver': 'adam'}",0.35665981608228475,0.012936110779950452,0.37338044758539457,0.3417796110783736,100
"{'activation': 'tanh', 'alpha': 1e-05, 'hidden_layer_sizes': (20, 10), 'solver': 'adam'}",0.35666418879572004,0.007489048211965242,0.3653506187389511,0.3468786808009423,99
"{'activation': 'tanh', 'alpha': 0.0001, 'hidden_layer_sizes': (20, 20), 'solver': 'adam'}",0.3567822520584722,0.006882705997724544,0.3653506187389511,0.3492343934040047,98
"{'activation': 'tanh', 'alpha': 1e-06, 'hidden_layer_sizes': (100, 100), 'solver': 'adam'}",0.3568960120159389,0.01467891896575352,0.37809187279151946,0.33647613435474366,97
"{'activation': 'relu', 'alpha': 1e-06, 'hidden_layer_sizes': 100, 'solver': 'adam'}",0.3568966366892868,0.01463294718220896,0.37691401648998824,0.34119033588685915,96
"{'activation': 'tanh', 'alpha': 1e-05, 'hidden_layer_sizes': (20, 20), 'solver': 'adam'}",0.3568981636685816,0.014181847447692077,0.37750294464075385,0.3415783274440518,95
"{'activation': 'tanh', 'alpha': 1e-06, 'hidden_layer_sizes': (20, 20), 'solver': 'sgd'}",0.35713463723483485,0.00711205827945095,0.36336866902237924,0.34767236299351795,94
"{'activation': 'tanh', 'alpha': 0.0001, 'hidden_layer_sizes': 10, 'solver': 'adam'}",0.3577225936715037,0.012065876251329202,0.37477902180318207,0.34001178550383027,93
"{'activation': 'tanh', 'alpha': 0.0001, 'hidden_layer_sizes': (50, 50, 20), 'solver': 'adam'}",0.3578408651587052,0.012566680401855275,0.3751472320376914,0.3435474366529169,92
"{'activation': 'relu', 'alpha': 0.0001, 'hidden_layer_sizes': 100, 'solver': 'adam'}",0.3579589978296072,0.005741197016524802,0.36652916912197997,0.34885091337654683,91
"{'activation': 'tanh', 'alpha': 0.0001, 'hidden_layer_sizes': (50, 20), 'solver': 'adam'}",0.3581951937632613,0.006806093327916029,0.36947554507955216,0.3482616381850324,90
"{'activation': 'tanh', 'alpha': 0.001, 'hidden_layer_sizes': (100, 100), 'solver': 'adam'}",0.3583113830059698,0.009855777318653867,0.3657243816254417,0.33883323512080143,89
"{'activation': 'tanh', 'alpha': 1e-06, 'hidden_layer_sizes': (50, 20, 20), 'solver': 'sgd'}",0.35831408992381064,0.00983129168676773,0.36829699469652327,0.3409893992932862,88
"{'learning_rate': 0.01, 'n_estimators': 20}",0.35878356664882877,0.0087729227018136,0.37220259128386335,0.3492343934040047,12
"{'learning_rate': 0.001, 'n_estimators': 200}",0.35878356664882877,0.0087729227018136,0.37220259128386335,0.3492343934040047,12
"{'activation': 'tanh', 'alpha': 1e-05, 'hidden_layer_sizes': (20, 20), 'solver': 'sgd'}",0.35878377487327806,0.011430341916374714,0.37536829699469654,0.33942251031231585,87
"{'activation': 'tanh', 'alpha': 1e-05, 'hidden_layer_sizes': 20, 'solver': 'adam'}",0.35901851323578715,0.011361951250193856,0.36947554507955216,0.3370654095462581,86
"{'activation': 'tanh', 'alpha': 0.0001, 'hidden_layer_sizes': 20, 'solver': 'sgd'}",0.35901913790913503,0.007166083615294812,0.3688862698880377,0.34708308780200353,85
"{'activation': 'tanh', 'alpha': 0.0001, 'hidden_layer_sizes': (50, 50), 'solver': 'adam'}",0.35948993338899865,0.006960440767173101,0.36454652532391046,0.34590453741897464,84
"{'activation': 'tanh', 'alpha': 1e-06, 'hidden_layer_sizes': 20, 'solver': 'sgd'}",0.3600822625391028,0.010118491100321762,0.37536829699469654,0.3480565371024735,83
"{'activation': 'tanh', 'alpha': 0.001, 'hidden_layer_sizes': 50, 'solver': 'sgd'}",0.36055201689671995,0.006911492503510856,0.37360047142015324,0.3547436652916912,82
"{'activation': 'tanh', 'alpha': 0.001, 'hidden_layer_sizes': 50, 'solver': 'adam'}",0.3605522251211693,0.012665890003932496,0.3842074248674131,0.3464938126104891,81
"{'activation': 'tanh', 'alpha': 0.001, 'hidden_layer_sizes': (50, 20, 20), 'solver': 'adam'}",0.3606699413431726,0.007590359713538595,0.37418974661166765,0.3529758397171479,80
"{'activation': 'tanh', 'alpha': 0.001, 'hidden_layer_sizes': (50, 50), 'solver': 'sgd'}",0.3607875881570262,0.014624165020390807,0.38185032410135533,0.34119033588685915,79
"{'activation': 'tanh', 'alpha': 0.0001, 'hidden_layer_sizes': 100, 'solver': 'adam'}",0.360787657565176,0.009584781891208446,0.3783146729522687,0.3512080141426046,78
"{'activation': 'tanh', 'alpha': 0.0001, 'hidden_layer_sizes': (100, 50, 50), 'solver': 'adam'}",0.36102184066248694,0.00807510158313604,0.3710247349823322,0.3482616381850324,77
"{'activation': 'tanh', 'alpha': 1e-05, 'hidden_layer_sizes': 100, 'solver': 'sgd'}",0.36149221969345197,0.009928319587207125,0.3751472320376914,0.34413671184443134,76
"{'activation': 'tanh', 'alpha': 0.0001, 'hidden_layer_sizes': 50, 'solver': 'sgd'}",0.3617307060960484,0.012113314561515648,0.37301119622863876,0.34334511189634864,75
"{'activation': 'tanh', 'alpha': 0.0001, 'hidden_layer_sizes': (100, 100), 'solver': 'adam'}",0.3623202589201619,0.005312279257567915,0.36770771950500886,0.35335689045936397,74
"{'activation': 'tanh', 'alpha': 1e-05, 'hidden_layer_sizes': (50, 20, 10), 'solver': 'adam'}",0.3625494446306896,0.021723569334570907,0.3869257950530035,0.3294048320565704,73
"{'activation': 'tanh', 'alpha': 1e-05, 'hidden_layer_sizes': (100, 100), 'solver': 'adam'}",0.3630271809255299,0.01184181614552399,0.37418974661166765,0.3415783274440518,72
"{'activation': 'tanh', 'alpha': 1e-06, 'hidden_layer_sizes': (100, 50, 50), 'solver': 'adam'}",0.3632628910021357,0.019182664020918765,0.3847967000589275,0.33765468473777255,71
"{'activation': 'tanh', 'alpha': 1e-05, 'hidden_layer_sizes': (50, 20, 20), 'solver': 'sgd'}",0.36361527617849837,0.0023881790679076403,0.36770771950500886,0.36042402826855124,70
"{'activation': 'tanh', 'alpha': 1e-06, 'hidden_layer_sizes': (100, 20), 'solver': 'sgd'}",0.36373257595160313,0.01240831524951675,0.37949322333529756,0.3417796110783736,69
"{'activation': 'tanh', 'alpha': 0.001, 'hidden_layer_sizes': (20, 20), 'solver': 'sgd'}",0.3644419272422129,0.013658363122535756,0.37949322333529756,0.3409893992932862,68
"{'activation': 'tanh', 'alpha': 0.0001, 'hidden_layer_sizes': (50, 20, 20), 'solver': 'adam'}",0.36455707536267495,0.008617625138534488,0.37242192103712435,0.3494401885680613,67
"{'activation': 'tanh', 'alpha': 1e-05, 'hidden_layer_sizes': (50, 50, 20), 'solver': 'sgd'}",0.3646756938906252,0.005860462591573887,0.37220259128386335,0.3545347467608952,66
"{'activation': 'tanh', 'alpha': 1e-06, 'hidden_layer_sizes': 50, 'solver': 'sgd'}",0.3647941041941263,0.010602215359097444,0.37595757218621095,0.3468786808009423,65
"{'activation': 'tanh', 'alpha': 0.0001, 'hidden_layer_sizes': (50, 20, 10), 'solver': 'adam'}",0.3649100158042357,0.011086332795244243,0.37890394814378314,0.351797289334119,64
"{'activation': 'tanh', 'alpha': 0.001, 'hidden_layer_sizes': 20, 'solver': 'sgd'}",0.3650278014343888,0.011123596490282092,0.3765468473777254,0.34413671184443134,63
"{'activation': 'tanh', 'alpha': 1e-06, 'hidden_layer_sizes': 100, 'solver': 'adam'}",0.36538164418189656,0.0113384509756715,0.38185032410135533,0.34708308780200353,62
"{'activation': 'tanh', 'alpha': 0.0001, 'hidden_layer_sizes': (100, 50), 'solver': 'adam'}",0.3653830323448919,0.00451524675908593,0.36947554507955216,0.3568904593639576,61
"{'activation': 'tanh', 'alpha': 0.001, 'hidden_layer_sizes': (50, 20, 10), 'solver': 'adam'}",0.3656183953807488,0.004924181535023951,0.37242192103712435,0.3582793164407778,60
"{'activation': 'tanh', 'alpha': 0.0001, 'hidden_layer_sizes': (100, 50, 20), 'solver': 'sgd'}",0.3656186730133479,0.011975751064953927,0.3783146729522687,0.3510011778563015,59
"{'activation': 'tanh', 'alpha': 1e-06, 'hidden_layer_sizes': (100, 20), 'solver': 'adam'}",0.36585445249810344,0.0058338905340676326,0.3765468473777254,0.35924617196702,58
"{'activation': 'tanh', 'alpha': 1e-06, 'hidden_layer_sizes': 100, 'solver': 'sgd'}",0.3659714746386092,0.014126945871656027,0.38008249852681203,0.34413671184443134,57
"{'activation': 'tanh', 'alpha': 1e-06, 'hidden_layer_sizes': (50, 50), 'solver': 'sgd'}",0.36597286280160446,0.008082386513056853,0.3783146729522687,0.35335689045936397,56
"{'activation': 'tanh', 'alpha': 1e-05, 'hidden_layer_sizes': (50, 20, 10), 'solver': 'sgd'}",0.36608814973836595,0.01324589558226796,0.3842074248674131,0.34767236299351795,55
"{'activation': 'tanh', 'alpha': 0.001, 'hidden_layer_sizes': (50, 20, 10), 'solver': 'sgd'}",0.3663235127742229,0.009318385840232516,0.3828032979976443,0.3547436652916912,54
"{'activation': 'tanh', 'alpha': 1e-06, 'hidden_layer_sizes': (50, 20), 'solver': 'adam'}",0.36656061101382403,0.006269376050121318,0.375736160188457,0.3574793875147232,53
"{'activation': 'tanh', 'alpha': 1e-05, 'hidden_layer_sizes': (50, 20, 20), 'solver': 'adam'}",0.36691618896507594,0.010368945677762632,0.3847967000589275,0.35571260306242636,52
"{'activation': 'tanh', 'alpha': 0.001, 'hidden_layer_sizes': (100, 50), 'solver': 'adam'}",0.367384485751548,0.010525020274588638,0.38008249852681203,0.34885091337654683,51
"{'activation': 'tanh', 'alpha': 0.0001, 'hidden_layer_sizes': (100, 50), 'solver': 'sgd'}",0.36761818299181054,0.013210859096015857,0.3934040047114252,0.3576900412492634,50
"{'activation': 'tanh', 'alpha': 0.001, 'hidden_layer_sizes': (100, 20), 'solver': 'adam'}",0.3680914771650658,0.007143062470631091,0.37868080094228507,0.3600471420153212,49
"{'activation': 'tanh', 'alpha': 1e-05, 'hidden_layer_sizes': (100, 50), 'solver': 'adam'}",0.3680939064503076,0.008434614911241464,0.37949322333529756,0.35630153121319197,48
"{'activation': 'tanh', 'alpha': 1e-05, 'hidden_layer_sizes': 50, 'solver': 'adam'}",0.3682085687137212,0.007060868643733754,0.38162544169611307,0.3618149675898645,47
"{'activation': 'tanh', 'alpha': 0.0001, 'hidden_layer_sizes': (100, 100), 'solver': 'sgd'}",0.36820974865226724,0.005004431177899516,0.37750294464075385,0.3627797408716137,46
"{'activation': 'tanh', 'alpha': 1e-05, 'hidden_layer_sizes': (50, 20), 'solver': 'adam'}",0.368213080243456,0.0107218080380724,0.3812610489098409,0.35276796230859836,45
"{'activation': 'tanh', 'alpha': 1e-05, 'hidden_layer_sizes': (50, 50), 'solver': 'sgd'}",0.3685625502775285,0.010660377893856396,0.38162544169611307,0.35061873895109014,44
"{'activation': 'tanh', 'alpha': 0.001, 'hidden_layer_sizes': (50, 20, 20), 'solver': 'sgd'}",0.36856463252202143,0.005250664045586286,0.3783146729522687,0.36336866902237924,43
"{'activation': 'tanh', 'alpha': 0.0001, 'hidden_layer_sizes': (50, 50, 20), 'solver': 'sgd'}",0.369035150369286,0.009078056577638582,0.3847967000589275,0.357100766057749,42
"{'activation': 'tanh', 'alpha': 1e-06, 'hidden_layer_sizes': (100, 50, 20), 'solver': 'adam'}",0.3691523113260913,0.007955696677071824,0.3783146729522687,0.3565114908662345,41
"{'activation': 'tanh', 'alpha': 1e-06, 'hidden_layer_sizes': (50, 20), 'solver': 'sgd'}",0.36927051340514294,0.0017318380633024263,0.3718326458456099,0.3671184443134944,40
"{'activation': 'tanh', 'alpha': 1e-05, 'hidden_layer_sizes': 50, 'solver': 'sgd'}",0.36938947897384217,0.013657109216236847,0.38515901060070673,0.3451118963486455,39
"{'activation': 'tanh', 'alpha': 0.0001, 'hidden_layer_sizes': (100, 20), 'solver': 'adam'}",0.3695050435432028,0.013973385447612898,0.38987043580683156,0.3500294637595757,38
"{'activation': 'tanh', 'alpha': 0.0001, 'hidden_layer_sizes': (50, 50), 'solver': 'sgd'}",0.3695051823595023,0.012555784658726837,0.38538597525044194,0.3559222156747201,37
"{'activation': 'tanh', 'alpha': 1e-05, 'hidden_layer_sizes': (100, 50, 20), 'solver': 'adam'}",0.3696239397037521,0.009214320743452183,0.37868080094228507,0.3553329404832057,36
"{'activation': 'tanh', 'alpha': 1e-05, 'hidden_layer_sizes': (100, 100), 'solver': 'sgd'}",0.36962400911190185,0.0067033235515677305,0.38044758539458184,0.35983510011778563,35
"{'C': 10, 'solver': 'liblinear'}",0.3696246337852498,0.011753386214922461,0.38538597525044194,0.3539458186101296,3
"{'activation': 'tanh', 'alpha': 1e-05, 'hidden_layer_sizes': (100, 20), 'solver': 'sgd'}",0.36974019835461036,0.012318017190068678,0.38987043580683156,0.3582793164407778,34
"{'activation': 'tanh', 'alpha': 0.001, 'hidden_layer_sizes': (50, 20), 'solver': 'sgd'}",0.3697429052724513,0.006984766863395067,0.37713612256923984,0.3568904593639576,33
"{'activation': 'tanh', 'alpha': 0.001, 'hidden_layer_sizes': (100, 50), 'solver': 'sgd'}",0.3698589556988603,0.011951852823867936,0.3845700824499411,0.3576900412492634,32
"{'learning_rate': 0.01, 'n_estimators': 50}",0.36986062149445464,0.012306392583826332,0.38185032410135533,0.3541543901001768,11
"{'activation': 'tanh', 'alpha': 0.0001, 'hidden_layer_sizes': 100, 'solver': 'sgd'}",0.3702120349567206,0.010887431515639383,0.3869257950530035,0.3541543901001768,31
"{'activation': 'tanh', 'alpha': 0.0001, 'hidden_layer_sizes': (100, 50, 20), 'solver': 'adam'}",0.37032884887277695,0.012468137186906265,0.3828032979976443,0.3512080141426046,30
"{'activation': 'tanh', 'alpha': 1e-06, 'hidden_layer_sizes': (50, 50, 20), 'solver': 'sgd'}",0.37033065348467087,0.011950184424157538,0.3865645256334708,0.3494401885680613,29
"{'activation': 'tanh', 'alpha': 1e-05, 'hidden_layer_sizes': 100, 'solver': 'adam'}",0.37044712035997845,0.010168952499943758,0.38044758539458184,0.3512080141426046,28
"{'activation': 'tanh', 'alpha': 1e-06, 'hidden_layer_sizes': (50, 20, 10), 'solver': 'adam'}",0.37056712705092404,0.008001299446194945,0.38361814967589863,0.3588685916322923,27
"{'learning_rate': 0.01, 'n_estimators': 100}",0.3706840103751302,0.008268563902971959,0.3830288744843842,0.36122569239835,10
"{'activation': 'tanh', 'alpha': 0.0001, 'hidden_layer_sizes': (50, 20), 'solver': 'sgd'}",0.3711548752631436,0.004107135453198654,0.37691401648998824,0.36652916912197997,26
"{'activation': 'tanh', 'alpha': 1e-06, 'hidden_layer_sizes': (100, 50, 50), 'solver': 'sgd'}",0.3721002142629583,0.013383779871315626,0.3883323512080141,0.3486454652532391,25
"{'C': 100, 'solver': 'liblinear'}",0.37233377268692136,0.012837432172817596,0.39399293286219084,0.3539458186101296,2
"{'activation': 'tanh', 'alpha': 0.0001, 'hidden_layer_sizes': (50, 20, 20), 'solver': 'sgd'}",0.37256837223313094,0.00807420183204758,0.38810365135453473,0.36593989393046555,24
"{'activation': 'tanh', 'alpha': 1e-05, 'hidden_layer_sizes': (100, 50, 20), 'solver': 'sgd'}",0.3725686498657299,0.008733794815965982,0.38243959929286975,0.3588685916322923,23
"{'activation': 'tanh', 'alpha': 1e-05, 'hidden_layer_sizes': (50, 50), 'solver': 'adam'}",0.372804568166785,0.014646317390940704,0.3865645256334708,0.3447259870359458,22
"{'activation': 'tanh', 'alpha': 1e-05, 'hidden_layer_sizes': (100, 20), 'solver': 'adam'}",0.37304000061079173,0.009451095122858707,0.3839811542991755,0.3606364172068356,21
"{'activation': 'tanh', 'alpha': 1e-06, 'hidden_layer_sizes': (50, 50, 20), 'solver': 'adam'}",0.37386692930710536,0.017603121267010035,0.40777843252799056,0.357100766057749,20
"{'C': 1000, 'solver': 'liblinear'}",0.3741000712821698,0.016081202216816377,0.4040047114252061,0.3568904593639576,1
"{'activation': 'tanh', 'alpha': 1e-05, 'hidden_layer_sizes': (100, 50), 'solver': 'sgd'}",0.37433744715436995,0.004451017280402442,0.38008249852681203,0.36808009422850413,19
"{'activation': 'tanh', 'alpha': 1e-06, 'hidden_layer_sizes': (100, 50), 'solver': 'adam'}",0.3743377941951188,0.01169758678118903,0.3871538008249853,0.3600471420153212,18
"{'activation': 'tanh', 'alpha': 0.001, 'hidden_layer_sizes': (100, 100), 'solver': 'sgd'}",0.37480997783797776,0.008873981179024236,0.3865645256334708,0.36454652532391046,17
"{'activation': 'tanh', 'alpha': 0.001, 'hidden_layer_sizes': (100, 50, 50), 'solver': 'sgd'}",0.3751629876876883,0.008318821814284968,0.3859752504419564,0.36160188457008247,16
"{'activation': 'tanh', 'alpha': 0.001, 'hidden_layer_sizes': 100, 'solver': 'sgd'}",0.3753947414997574,0.013063575729082092,0.39752650176678445,0.3594578668238067,15
"{'activation': 'tanh', 'alpha': 1e-05, 'hidden_layer_sizes': (100, 50, 50), 'solver': 'sgd'}",0.3753980730909462,0.001559029946334953,0.37713612256923984,0.37279151943462896,14
"{'activation': 'tanh', 'alpha': 1e-05, 'hidden_layer_sizes': (50, 50, 20), 'solver': 'adam'}",0.3753994612539415,0.016718509086512453,0.394814378314673,0.35571260306242636,13
"{'activation': 'tanh', 'alpha': 0.0001, 'hidden_layer_sizes': (100, 20), 'solver': 'sgd'}",0.37575281814440087,0.006381208769614935,0.3842074248674131,0.3663133097762073,12
"{'activation': 'tanh', 'alpha': 0.001, 'hidden_layer_sizes': (100, 50, 50), 'solver': 'adam'}",0.37610825727935326,0.017967648646641233,0.3971714790807307,0.34275618374558303,11
"{'activation': 'tanh', 'alpha': 0.001, 'hidden_layer_sizes': (50, 50, 20), 'solver': 'sgd'}",0.37645821317047407,0.01735096991357186,0.4048320565704184,0.3500294637595757,10
"{'activation': 'tanh', 'alpha': 0.001, 'hidden_layer_sizes': (100, 50, 20), 'solver': 'adam'}",0.3768112924283344,0.009155831925036589,0.38810365135453473,0.36593989393046555,9
"{'learning_rate': 0.1, 'n_estimators': 20}",0.3770456143419448,0.005867573873358897,0.38515901060070673,0.37065409546258105,9
"{'activation': 'tanh', 'alpha': 1e-06, 'hidden_layer_sizes': (100, 50), 'solver': 'sgd'}",0.3771638164209965,0.007474438612054239,0.38928150765606595,0.36652916912197997,8
"{'activation': 'tanh', 'alpha': 1e-05, 'hidden_layer_sizes': (100, 50, 50), 'solver': 'adam'}",0.3777556597140523,0.010853043802785118,0.3906894519740719,0.36476134354743667,7
"{'activation': 'tanh', 'alpha': 0.0001, 'hidden_layer_sizes': (100, 50, 50), 'solver': 'sgd'}",0.3784595971689804,0.006998822627129839,0.39045936395759717,0.36947554507955216,6
"{'activation': 'tanh', 'alpha': 0.001, 'hidden_layer_sizes': (100, 20), 'solver': 'sgd'}",0.37881427281428526,0.009573133768694968,0.394814378314673,0.3671184443134944,5
"{'activation': 'tanh', 'alpha': 1e-05, 'hidden_layer_sizes': (50, 20), 'solver': 'sgd'}",0.3791681849699428,0.010306452472132618,0.39010017678255743,0.3606364172068356,4
"{'activation': 'tanh', 'alpha': 1e-06, 'hidden_layer_sizes': (100, 50, 20), 'solver': 'sgd'}",0.380229713212466,0.012821579115872396,0.3959929286977018,0.3618149675898645,3
"{'activation': 'tanh', 'alpha': 1e-06, 'hidden_layer_sizes': (100, 100), 'solver': 'sgd'}",0.38069932875378365,0.007747743723207404,0.3912787271655863,0.36829699469652327,2
"{'activation': 'tanh', 'alpha': 0.001, 'hidden_layer_sizes': (100, 50, 20), 'solver': 'sgd'}",0.3807003698760302,0.005243005196779442,0.3906894519740719,0.37536829699469654,1
"{'learning_rate': 0.01, 'n_estimators': 200}",0.3822303337213249,0.005027371724807882,0.38869257950530034,0.37536829699469654,8
"{'C': 10, 'kernel': 'rbf'}",0.3825857034481275,0.0039025726405678435,0.3883323512080141,0.3783146729522687,3
"{'C': 100, 'kernel': 'rbf'}",0.3869437023556432,0.005301906871535947,0.3963486454652532,0.38008249852681203,2
"{'C': 1000, 'kernel': 'rbf'}",0.39177541188531273,0.008048060938764631,0.4004711425206125,0.37949322333529756,1
"{'learning_rate': 0.1, 'n_estimators': 50}",0.4010842941156465,0.008118783781228628,0.41048292108362777,0.38928150765606595,7
"{'learning_rate': 1, 'n_estimators': 20}",0.401675026878306,0.00905234939374676,0.41838538597525043,0.3934040047114252,6
"{'learning_rate': 0.1, 'n_estimators': 100}",0.4100379454354771,0.009214616872340417,0.4230995875073659,0.398939304655274,5
"{'learning_rate': 1, 'n_estimators': 50}",0.41970268324966187,0.009442989536107185,0.43429581614614027,0.4045936395759717,4
"{'learning_rate': 0.1, 'n_estimators': 200}",0.4252370808875637,0.009240162729450524,0.4381625441696113,0.41013553329404834,3
"{'learning_rate': 1, 'n_estimators': 100}",0.43301558282370395,0.009532305601592002,0.45020624631703005,0.4242781378903948,2
"{'learning_rate': 1, 'n_estimators': 200}",0.4452683423182183,0.005874668761461081,0.45229681978798586,0.4348850913376547,1
"{'criterion': 'gini', 'n_estimators': 20}",0.5475440273246004,0.007051217666044073,0.5586328815556865,0.5376914016489989,12
"{'criterion': 'entropy', 'n_estimators': 20}",0.5521375280842726,0.011165310087958201,0.5671378091872792,0.5397760754272245,11
"{'criterion': 'log_loss', 'n_estimators': 20}",0.560151046015521,0.008730194390592517,0.5715969357690042,0.549469964664311,10
"{'criterion': 'gini', 'n_estimators': 50}",0.5923181836164838,0.007146060284487545,0.6034177961107837,0.5830388692579506,9
"{'criterion': 'log_loss', 'n_estimators': 50}",0.6010350837374622,0.00727827380003939,0.6124852767962309,0.5922215674720094,8
"{'criterion': 'entropy', 'n_estimators': 50}",0.6049257575726026,0.009712622017070792,0.6234531526222746,0.5963464938126105,7
"{'criterion': 'gini', 'n_estimators': 100}",0.6209473795994178,0.01198295853866525,0.6319199057714959,0.5987035945786683,6
"{'criterion': 'log_loss', 'n_estimators': 100}",0.6304945400078986,0.008356744859051126,0.6434885091337654,0.6193282262816735,5
"{'criterion': 'entropy', 'n_estimators': 100}",0.6380327509295487,0.008548758951922085,0.6478209658421673,0.6228638774307602,4
"{'criterion': 'gini', 'n_estimators': 200}",0.642629791504859,0.004315205547722218,0.6470241602828521,0.6358279316440778,3
"{'criterion': 'log_loss', 'n_estimators': 200}",0.6463999727920052,0.007297233566612479,0.6582203889216264,0.637595757218621,2
"{'criterion': 'entropy', 'n_estimators': 200}",0.6482863474863492,0.007726199316171433,0.6560659599528857,0.6342756183745583,1
"{'activation': 'relu', 'alpha': 1e-05, 'hidden_layer_sizes': (100, 50, 50), 'solver': 'sgd'}",,,0.33568904593639576,0.33156654888103654,272
"{'activation': 'relu', 'alpha': 1e-06, 'hidden_layer_sizes': (100, 50, 50), 'solver': 'sgd'}",,,0.33294048320565706,0.33117265763111375,271
